"Data/Hora","% Seções totalizadas","% LULA (13)","% FLAVIO BOLSONARO (22)","% RENAN SANTOS (14)","% HERTZ DIAS (16)","% EDMILSON COSTA (21)","% CLARIANA BARAO (27)","% RUI COSTA PIMENTA (29)","% ZEMA (30)","% VETERINÁRIO WILSON GRASSI (35)","% RONALDO CAIADO (55)","% ESCRITOR AUGUSTO CURY (70)","% SAMARA (80)","Origem"
"17:57:12","10.92%","40.67%","51.09%","2.30%","0.04%","0.02%","0.04%","0.02%","0.31%","0.02%","2.40%","2.98%","0.11%","Nacional TSE"
"18:00:33","12.45%","40.71%","51.09%","2.29%","0.04%","0.02%","0.04%","0.02%","0.30%","0.02%","2.39%","2.98%","0.11%","Nacional TSE"
"18:10:48","14.24%","40.67%","51.17%","2.28%","0.04%","0.02%","0.04%","0.01%","0.30%","0.02%","2.37%","2.97%","0.11%","Nacional TSE"
"18:13:47","17.22%","40.66%","51.22%","2.27%","0.04%","0.02%","0.04%","0.01%","0.29%","0.02%","2.37%","2.95%","0.10%","Nacional TSE"
"18:16:13","19.54%","40.72%","51.17%","2.27%","0.04%","0.02%","0.04%","0.01%","0.29%","0.01%","2.38%","2.94%","0.10%","Nacional TSE"
"18:19:31","21.96%","40.82%","51.07%","2.27%","0.04%","0.02%","0.04%","0.01%","0.29%","0.01%","2.38%","2.94%","0.10%","Nacional TSE"
"18:23:12","24.45%","40.97%","50.94%","2.27%","0.04%","0.02%","0.04%","0.01%","0.28%","0.01%","2.37%","2.94%","0.10%","Nacional TSE"
"18:26:58","27.88%","41.05%","50.85%","2.28%","0.04%","0.02%","0.04%","0.01%","0.28%","0.01%","2.37%","2.94%","0.10%","Nacional TSE"
"18:32:24","31.90%","41.14%","50.74%","2.28%","0.04%","0.02%","0.04%","0.01%","0.28%","0.01%","2.38%","2.94%","0.10%","Nacional TSE"
"18:37:14","36.60%","41.23%","50.63%","2.30%","0.04%","0.02%","0.04%","0.01%","0.28%","0.01%","2.39%","2.95%","0.10%","Nacional TSE"
"18:43:29","41.57%","41.44%","50.41%","2.31%","0.04%","0.02%","0.04%","0.01%","0.29%","0.01%","2.39%","2.95%","0.10%","Nacional TSE"
"18:48:59","47.26%","41.63%","50.20%","2.32%","0.04%","0.02%","0.04%","0.01%","0.29%","0.01%","2.38%","2.96%","0.10%","Nacional TSE"
"19:14:08","64.81%","42.25%","49.58%","2.34%","0.04%","0.02%","0.04%","0.01%","0.29%","0.01%","2.34%","2.97%","0.11%","Nacional TSE"
"19:19:39","73.58%","42.84%","49.05%","2.32%","0.04%","0.02%","0.03%","0.01%","0.29%","0.01%","2.32%","2.95%","0.11%","Soma UFs + exterior"
"19:29:21","82.21%","43.27%","48.66%","2.32%","0.04%","0.02%","0.03%","0.01%","0.29%","0.01%","2.29%","2.95%","0.11%","Soma UFs + exterior"
"19:29:51","82.39%","43.31%","48.63%","2.32%","0.04%","0.02%","0.03%","0.01%","0.29%","0.01%","2.29%","2.95%","0.11%","Soma UFs + exterior"
"19:30:21","82.40%","43.31%","48.63%","2.32%","0.04%","0.02%","0.03%","0.01%","0.29%","0.01%","2.29%","2.95%","0.11%","Soma UFs + exterior"
"19:30:51","82.40%","43.31%","48.63%","2.32%","0.04%","0.02%","0.03%","0.01%","0.29%","0.01%","2.29%","2.95%","0.11%","Soma UFs + exterior"
"19:31:21","82.43%","43.31%","48.63%","2.32%","0.04%","0.02%","0.03%","0.01%","0.29%","0.01%","2.28%","2.95%","0.11%","Soma UFs + exterior"
"19:32:21","82.50%","43.30%","48.63%","2.32%","0.04%","0.02%","0.03%","0.01%","0.29%","0.01%","2.29%","2.95%","0.11%","Soma UFs + exterior"
"19:32:51","82.76%","43.32%","48.62%","2.32%","0.04%","0.02%","0.03%","0.01%","0.29%","0.01%","2.29%","2.95%","0.11%","Soma UFs + exterior"
"19:33:21","82.91%","43.32%","48.62%","2.32%","0.04%","0.02%","0.03%","0.01%","0.29%","0.01%","2.29%","2.94%","0.11%","Soma UFs + exterior"
"19:33:53","83.37%","43.44%","48.52%","2.31%","0.04%","0.02%","0.03%","0.01%","0.28%","0.01%","2.28%","2.94%","0.11%","Soma UFs + exterior"
"19:34:23","83.79%","43.45%","48.51%","2.31%","0.04%","0.02%","0.03%","0.01%","0.28%","0.01%","2.28%","2.94%","0.11%","Soma UFs + exterior"
"19:34:53","83.80%","43.45%","48.51%","2.31%","0.04%","0.02%","0.03%","0.01%","0.28%","0.01%","2.28%","2.94%","0.11%","Soma UFs + exterior"
"19:35:23","83.80%","43.45%","48.51%","2.31%","0.04%","0.02%","0.03%","0.01%","0.28%","0.01%","2.28%","2.94%","0.11%","Soma UFs + exterior"
"19:37:22","84.02%","43.51%","48.46%","2.31%","0.04%","0.02%","0.03%","0.01%","0.28%","0.01%","2.27%","2.94%","0.11%","Soma UFs + exterior"
"19:38:22","84.93%","43.49%","48.47%","2.31%","0.04%","0.02%","0.03%","0.01%","0.29%","0.01%","2.27%","2.94%","0.11%","Soma UFs + exterior"
"20:02:39","84.93%","43.49%","48.47%","2.31%","0.04%","0.02%","0.03%","0.01%","0.29%","0.01%","2.27%","2.94%","0.11%","Soma UFs + exterior"
"20:03:09","84.94%","43.49%","48.47%","2.31%","0.04%","0.02%","0.03%","0.01%","0.29%","0.01%","2.27%","2.94%","0.11%","Soma UFs + exterior"
"20:03:40","84.95%","43.49%","48.47%","2.31%","0.04%","0.02%","0.03%","0.01%","0.29%","0.01%","2.27%","2.94%","0.11%","Soma UFs + exterior"
"20:04:10","84.96%","43.49%","48.47%","2.31%","0.04%","0.02%","0.03%","0.01%","0.29%","0.01%","2.27%","2.94%","0.11%","Soma UFs + exterior"
"20:04:39","84.96%","43.49%","48.47%","2.31%","0.04%","0.02%","0.03%","0.01%","0.29%","0.01%","2.27%","2.94%","0.11%","Nacional TSE"
"20:04:40","84.96%","43.49%","48.47%","2.31%","0.04%","0.02%","0.03%","0.01%","0.29%","0.01%","2.27%","2.94%","0.11%","Soma UFs + exterior"
"20:05:09","85.07%","43.51%","48.45%","2.31%","0.04%","0.02%","0.03%","0.01%","0.29%","0.01%","2.27%","2.94%","0.11%","Soma UFs + exterior"
"20:05:39","85.20%","43.50%","48.46%","2.31%","0.04%","0.02%","0.03%","0.01%","0.29%","0.01%","2.27%","2.94%","0.11%","Soma UFs + exterior"
"20:06:08","85.31%","43.49%","48.46%","2.32%","0.04%","0.02%","0.03%","0.01%","0.29%","0.01%","2.27%","2.94%","0.11%","Soma UFs + exterior"
"20:06:38","85.40%","43.51%","48.44%","2.31%","0.04%","0.02%","0.03%","0.01%","0.29%","0.01%","2.27%","2.94%","0.11%","Soma UFs + exterior"
"20:07:08","85.43%","43.52%","48.44%","2.31%","0.04%","0.02%","0.03%","0.01%","0.29%","0.01%","2.27%","2.94%","0.11%","Soma UFs + exterior"
"20:08:08","86.18%","43.58%","48.39%","2.31%","0.04%","0.02%","0.03%","0.01%","0.29%","0.01%","2.27%","2.94%","0.11%","Soma UFs + exterior"
"20:08:38","86.86%","43.65%","48.33%","2.31%","0.04%","0.02%","0.03%","0.01%","0.29%","0.01%","2.27%","2.94%","0.11%","Soma UFs + exterior"
"20:09:08","86.95%","43.65%","48.32%","2.31%","0.04%","0.02%","0.03%","0.01%","0.29%","0.01%","2.27%","2.94%","0.11%","Soma UFs + exterior"
"20:09:38","86.98%","43.65%","48.32%","2.31%","0.04%","0.02%","0.03%","0.01%","0.28%","0.01%","2.27%","2.94%","0.11%","Soma UFs + exterior"
"20:10:38","86.98%","43.65%","48.33%","2.31%","0.04%","0.02%","0.03%","0.01%","0.29%","0.01%","2.27%","2.94%","0.11%","Soma UFs + exterior"
"20:10:56","88.26%","43.78%","48.21%","2.31%","0.04%","0.02%","0.03%","0.01%","0.28%","0.01%","2.26%","2.94%","0.11%","Nacional TSE"
"20:11:08","87.45%","43.70%","48.29%","2.31%","0.04%","0.02%","0.03%","0.01%","0.29%","0.01%","2.26%","2.94%","0.11%","Soma UFs + exterior"
"20:11:23","88.46%","43.80%","48.19%","2.30%","0.04%","0.02%","0.03%","0.01%","0.28%","0.01%","2.26%","2.94%","0.11%","Nacional TSE"
"20:11:38","87.84%","43.78%","48.21%","2.30%","0.04%","0.02%","0.03%","0.01%","0.28%","0.01%","2.26%","2.94%","0.11%","Soma UFs + exterior"
"20:12:09","88.01%","43.80%","48.20%","2.30%","0.04%","0.02%","0.03%","0.01%","0.28%","0.01%","2.26%","2.94%","0.11%","Soma UFs + exterior"
"20:12:23","88.85%","43.83%","48.17%","2.30%","0.04%","0.02%","0.03%","0.01%","0.28%","0.01%","2.26%","2.94%","0.11%","Nacional TSE"
"20:12:39","88.14%","43.80%","48.19%","2.30%","0.04%","0.02%","0.03%","0.01%","0.28%","0.01%","2.26%","2.93%","0.11%","Soma UFs + exterior"
"20:13:05","89.12%","43.86%","48.14%","2.30%","0.04%","0.02%","0.03%","0.01%","0.28%","0.01%","2.25%","2.93%","0.11%","Nacional TSE"
"20:13:09","88.68%","43.83%","48.17%","2.30%","0.04%","0.02%","0.03%","0.01%","0.28%","0.01%","2.26%","2.93%","0.11%","Soma UFs + exterior"
"20:13:39","88.85%","43.84%","48.16%","2.30%","0.04%","0.02%","0.03%","0.01%","0.28%","0.01%","2.26%","2.93%","0.11%","Soma UFs + exterior"
"20:14:06","89.45%","43.89%","48.11%","2.30%","0.04%","0.02%","0.03%","0.01%","0.28%","0.01%","2.26%","2.93%","0.11%","Nacional TSE"
"20:14:09","89.05%","43.86%","48.14%","2.30%","0.04%","0.02%","0.03%","0.01%","0.28%","0.01%","2.25%","2.93%","0.11%","Soma UFs + exterior"
"20:14:34","89.58%","43.91%","48.10%","2.30%","0.04%","0.02%","0.03%","0.01%","0.28%","0.01%","2.25%","2.93%","0.11%","Nacional TSE"
"20:14:38","89.13%","43.87%","48.14%","2.30%","0.04%","0.02%","0.03%","0.01%","0.28%","0.01%","2.26%","2.93%","0.11%","Soma UFs + exterior"
"20:15:08","89.17%","43.87%","48.14%","2.30%","0.04%","0.02%","0.03%","0.01%","0.28%","0.01%","2.26%","2.93%","0.11%","Soma UFs + exterior"
"20:15:38","89.35%","43.88%","48.12%","2.30%","0.04%","0.02%","0.03%","0.01%","0.28%","0.01%","2.26%","2.93%","0.11%","Soma UFs + exterior"
"20:15:44","89.85%","43.93%","48.08%","2.30%","0.04%","0.02%","0.03%","0.01%","0.28%","0.01%","2.25%","2.93%","0.11%","Nacional TSE"
"20:16:08","89.57%","43.92%","48.09%","2.30%","0.04%","0.02%","0.03%","0.01%","0.28%","0.01%","2.25%","2.93%","0.11%","Soma UFs + exterior"
"20:16:14","89.94%","43.94%","48.07%","2.30%","0.04%","0.02%","0.03%","0.01%","0.28%","0.01%","2.25%","2.93%","0.11%","Nacional TSE"
"20:16:38","89.64%","43.93%","48.09%","2.30%","0.04%","0.02%","0.03%","0.01%","0.28%","0.01%","2.25%","2.93%","0.11%","Soma UFs + exterior"
"20:16:43","90.04%","43.95%","48.06%","2.30%","0.04%","0.02%","0.03%","0.01%","0.28%","0.01%","2.25%","2.93%","0.11%","Nacional TSE"
"20:17:08","89.86%","43.94%","48.08%","2.30%","0.04%","0.02%","0.03%","0.01%","0.28%","0.01%","2.25%","2.93%","0.11%","Soma UFs + exterior"
"20:17:38","89.92%","43.94%","48.07%","2.30%","0.04%","0.02%","0.03%","0.01%","0.28%","0.01%","2.25%","2.93%","0.11%","Soma UFs + exterior"
"20:17:43","90.19%","43.97%","48.05%","2.30%","0.04%","0.02%","0.03%","0.01%","0.28%","0.01%","2.25%","2.93%","0.11%","Nacional TSE"
"20:18:08","90.00%","43.96%","48.05%","2.30%","0.04%","0.02%","0.03%","0.01%","0.28%","0.01%","2.25%","2.93%","0.11%","Soma UFs + exterior"
"20:18:13","90.25%","43.97%","48.05%","2.30%","0.04%","0.02%","0.03%","0.01%","0.28%","0.01%","2.25%","2.93%","0.11%","Nacional TSE"
"20:18:36","90.16%","43.96%","48.05%","2.30%","0.04%","0.02%","0.03%","0.01%","0.28%","0.01%","2.25%","2.93%","0.11%","Soma UFs + exterior"
"20:18:55","90.31%","43.97%","48.04%","2.30%","0.04%","0.02%","0.03%","0.01%","0.28%","0.01%","2.25%","2.93%","0.11%","Nacional TSE"
"20:19:06","90.18%","43.97%","48.05%","2.30%","0.04%","0.02%","0.03%","0.01%","0.28%","0.01%","2.25%","2.93%","0.11%","Soma UFs + exterior"
"20:19:24","90.38%","43.98%","48.04%","2.30%","0.04%","0.02%","0.03%","0.01%","0.28%","0.01%","2.25%","2.93%","0.11%","Nacional TSE"
"20:19:36","90.23%","43.98%","48.04%","2.30%","0.04%","0.02%","0.03%","0.01%","0.28%","0.01%","2.25%","2.93%","0.11%","Soma UFs + exterior"
"20:19:54","90.44%","43.99%","48.03%","2.29%","0.04%","0.02%","0.03%","0.01%","0.28%","0.01%","2.25%","2.93%","0.11%","Nacional TSE"
"20:20:06","90.25%","43.98%","48.04%","2.30%","0.04%","0.02%","0.03%","0.01%","0.28%","0.01%","2.25%","2.93%","0.11%","Soma UFs + exterior"
"20:20:24","90.48%","43.99%","48.03%","2.29%","0.04%","0.02%","0.03%","0.01%","0.28%","0.01%","2.25%","2.93%","0.11%","Nacional TSE"
"20:20:36","90.36%","43.98%","48.03%","2.29%","0.04%","0.02%","0.03%","0.01%","0.28%","0.01%","2.25%","2.93%","0.11%","Soma UFs + exterior"
"20:20:54","90.56%","44.00%","48.02%","2.29%","0.04%","0.02%","0.03%","0.01%","0.28%","0.01%","2.25%","2.93%","0.11%","Nacional TSE"
"20:21:06","90.45%","43.99%","48.03%","2.29%","0.04%","0.02%","0.03%","0.01%","0.28%","0.01%","2.25%","2.93%","0.11%","Soma UFs + exterior"
"20:21:36","90.50%","44.00%","48.02%","2.29%","0.04%","0.02%","0.03%","0.01%","0.28%","0.01%","2.25%","2.93%","0.11%","Soma UFs + exterior"
"20:22:05","90.67%","44.01%","48.01%","2.29%","0.04%","0.02%","0.03%","0.01%","0.28%","0.01%","2.25%","2.93%","0.11%","Nacional TSE"
"20:22:06","90.52%","44.00%","48.02%","2.29%","0.04%","0.02%","0.03%","0.01%","0.28%","0.01%","2.25%","2.93%","0.11%","Soma UFs + exterior"
"20:22:34","90.72%","44.02%","48.01%","2.29%","0.04%","0.02%","0.03%","0.01%","0.28%","0.01%","2.25%","2.93%","0.11%","Nacional TSE"
"20:22:36","90.56%","44.00%","48.02%","2.29%","0.04%","0.02%","0.03%","0.01%","0.28%","0.01%","2.25%","2.93%","0.11%","Soma UFs + exterior"
"20:23:06","90.60%","44.01%","48.01%","2.29%","0.04%","0.02%","0.03%","0.01%","0.28%","0.01%","2.25%","2.93%","0.11%","Soma UFs + exterior"
"20:23:34","90.84%","44.03%","48.00%","2.29%","0.04%","0.02%","0.03%","0.01%","0.28%","0.01%","2.25%","2.93%","0.11%","Nacional TSE"
"20:23:36","90.64%","44.02%","48.00%","2.29%","0.04%","0.02%","0.03%","0.01%","0.28%","0.01%","2.25%","2.93%","0.11%","Soma UFs + exterior"
"20:24:07","90.76%","44.02%","48.00%","2.29%","0.04%","0.02%","0.03%","0.01%","0.28%","0.01%","2.25%","2.93%","0.11%","Soma UFs + exterior"
"20:24:37","90.77%","44.02%","48.00%","2.29%","0.04%","0.02%","0.03%","0.01%","0.28%","0.01%","2.25%","2.93%","0.11%","Soma UFs + exterior"
"20:25:06","90.82%","44.02%","48.00%","2.29%","0.04%","0.02%","0.03%","0.01%","0.28%","0.01%","2.25%","2.93%","0.11%","Soma UFs + exterior"
"20:25:36","90.85%","44.03%","47.99%","2.29%","0.04%","0.02%","0.03%","0.01%","0.28%","0.01%","2.25%","2.93%","0.11%","Soma UFs + exterior"
"20:26:06","90.92%","44.05%","47.98%","2.29%","0.04%","0.02%","0.03%","0.01%","0.28%","0.01%","2.25%","2.93%","0.11%","Soma UFs + exterior"
"20:26:36","90.96%","44.05%","47.98%","2.29%","0.04%","0.02%","0.03%","0.01%","0.28%","0.01%","2.25%","2.93%","0.11%","Soma UFs + exterior"
"20:27:06","91.06%","44.05%","47.98%","2.29%","0.04%","0.02%","0.03%","0.01%","0.28%","0.01%","2.25%","2.93%","0.11%","Soma UFs + exterior"
"20:27:36","91.10%","44.06%","47.97%","2.29%","0.04%","0.02%","0.03%","0.01%","0.28%","0.01%","2.25%","2.93%","0.11%","Soma UFs + exterior"
"20:28:06","91.19%","44.06%","47.97%","2.29%","0.04%","0.02%","0.03%","0.01%","0.28%","0.01%","2.25%","2.93%","0.11%","Soma UFs + exterior"
"20:28:36","91.21%","44.07%","47.96%","2.29%","0.04%","0.02%","0.03%","0.01%","0.28%","0.01%","2.25%","2.93%","0.11%","Soma UFs + exterior"
"20:29:06","91.24%","44.07%","47.96%","2.29%","0.04%","0.02%","0.03%","0.01%","0.28%","0.01%","2.25%","2.93%","0.11%","Soma UFs + exterior"
"20:29:36","91.33%","44.08%","47.95%","2.29%","0.04%","0.02%","0.03%","0.01%","0.28%","0.01%","2.25%","2.93%","0.11%","Soma UFs + exterior"
"20:30:06","91.35%","44.08%","47.95%","2.29%","0.04%","0.02%","0.03%","0.01%","0.28%","0.01%","2.25%","2.93%","0.11%","Soma UFs + exterior"
"20:30:36","91.37%","44.09%","47.95%","2.29%","0.04%","0.02%","0.03%","0.01%","0.28%","0.01%","2.24%","2.93%","0.11%","Soma UFs + exterior"
"20:31:06","91.43%","44.09%","47.94%","2.29%","0.04%","0.02%","0.03%","0.01%","0.28%","0.01%","2.24%","2.93%","0.11%","Soma UFs + exterior"
"20:31:36","91.46%","44.10%","47.94%","2.29%","0.04%","0.02%","0.03%","0.01%","0.28%","0.01%","2.24%","2.93%","0.11%","Soma UFs + exterior"
"20:32:06","91.51%","44.10%","47.93%","2.29%","0.04%","0.02%","0.03%","0.01%","0.28%","0.01%","2.24%","2.93%","0.11%","Soma UFs + exterior"
"20:32:36","91.53%","44.10%","47.93%","2.29%","0.04%","0.02%","0.03%","0.01%","0.28%","0.01%","2.24%","2.93%","0.11%","Soma UFs + exterior"
"20:33:06","91.60%","44.11%","47.93%","2.29%","0.04%","0.02%","0.03%","0.01%","0.28%","0.01%","2.24%","2.93%","0.11%","Soma UFs + exterior"
"20:33:36","91.62%","44.11%","47.93%","2.29%","0.04%","0.02%","0.03%","0.01%","0.28%","0.01%","2.24%","2.93%","0.11%","Soma UFs + exterior"
"20:34:07","91.66%","44.11%","47.92%","2.29%","0.04%","0.02%","0.03%","0.01%","0.28%","0.01%","2.24%","2.93%","0.11%","Soma UFs + exterior"
"20:34:36","91.76%","44.12%","47.91%","2.29%","0.04%","0.02%","0.03%","0.01%","0.28%","0.01%","2.24%","2.93%","0.11%","Soma UFs + exterior"
"20:35:06","91.80%","44.13%","47.90%","2.29%","0.04%","0.02%","0.03%","0.01%","0.28%","0.01%","2.24%","2.93%","0.11%","Soma UFs + exterior"
"20:35:36","91.81%","44.13%","47.90%","2.29%","0.04%","0.02%","0.03%","0.01%","0.28%","0.01%","2.24%","2.93%","0.11%","Soma UFs + exterior"
"20:36:06","91.91%","44.13%","47.90%","2.29%","0.04%","0.02%","0.03%","0.01%","0.28%","0.01%","2.24%","2.93%","0.11%","Soma UFs + exterior"
"20:36:36","91.94%","44.14%","47.90%","2.29%","0.04%","0.02%","0.03%","0.01%","0.28%","0.01%","2.24%","2.93%","0.11%","Soma UFs + exterior"
"20:37:06","91.97%","44.14%","47.90%","2.29%","0.04%","0.02%","0.03%","0.01%","0.28%","0.01%","2.24%","2.93%","0.11%","Soma UFs + exterior"
"20:37:36","92.07%","44.16%","47.88%","2.29%","0.04%","0.02%","0.03%","0.01%","0.28%","0.01%","2.24%","2.92%","0.11%","Soma UFs + exterior"
"20:38:06","92.10%","44.16%","47.88%","2.29%","0.04%","0.02%","0.03%","0.01%","0.28%","0.01%","2.24%","2.92%","0.11%","Soma UFs + exterior"
"20:38:36","92.14%","44.17%","47.87%","2.29%","0.04%","0.02%","0.03%","0.01%","0.28%","0.01%","2.24%","2.92%","0.11%","Soma UFs + exterior"
"20:39:06","92.26%","44.17%","47.87%","2.29%","0.04%","0.02%","0.03%","0.01%","0.28%","0.01%","2.24%","2.92%","0.11%","Soma UFs + exterior"
"20:39:34","92.41%","44.19%","47.86%","2.29%","0.04%","0.02%","0.03%","0.01%","0.28%","0.01%","2.24%","2.92%","0.11%","Nacional TSE"
"20:39:36","92.29%","44.18%","47.86%","2.29%","0.04%","0.02%","0.03%","0.01%","0.28%","0.01%","2.24%","2.92%","0.11%","Soma UFs + exterior"
"20:40:15","92.48%","44.19%","47.85%","2.29%","0.04%","0.02%","0.03%","0.01%","0.28%","0.01%","2.24%","2.92%","0.11%","Nacional TSE"
"20:40:44","92.53%","44.20%","47.85%","2.29%","0.04%","0.02%","0.03%","0.01%","0.28%","0.01%","2.24%","2.92%","0.11%","Nacional TSE"
"20:41:15","92.58%","44.20%","47.84%","2.29%","0.04%","0.02%","0.03%","0.01%","0.28%","0.01%","2.24%","2.92%","0.11%","Nacional TSE"
"20:41:45","92.65%","44.21%","47.84%","2.29%","0.04%","0.02%","0.03%","0.01%","0.28%","0.01%","2.24%","2.92%","0.11%","Nacional TSE"
"20:42:14","92.69%","44.21%","47.83%","2.29%","0.04%","0.02%","0.03%","0.01%","0.28%","0.01%","2.24%","2.92%","0.11%","Nacional TSE"
"20:42:55","92.77%","44.22%","47.83%","2.29%","0.04%","0.02%","0.03%","0.01%","0.28%","0.01%","2.24%","2.92%","0.11%","Nacional TSE"
"20:43:24","92.81%","44.22%","47.82%","2.29%","0.04%","0.02%","0.03%","0.01%","0.28%","0.01%","2.24%","2.92%","0.11%","Nacional TSE"
"20:43:54","92.88%","44.23%","47.82%","2.29%","0.04%","0.02%","0.03%","0.01%","0.28%","0.01%","2.24%","2.92%","0.11%","Nacional TSE"
"20:44:24","92.93%","44.24%","47.81%","2.29%","0.04%","0.02%","0.03%","0.01%","0.28%","0.01%","2.24%","2.92%","0.11%","Nacional TSE"
"20:44:53","92.99%","44.24%","47.81%","2.29%","0.04%","0.02%","0.03%","0.01%","0.28%","0.01%","2.24%","2.92%","0.11%","Nacional TSE"
"20:45:34","93.06%","44.25%","47.80%","2.29%","0.04%","0.02%","0.03%","0.01%","0.28%","0.01%","2.24%","2.92%","0.11%","Nacional TSE"
"20:46:05","93.14%","44.25%","47.80%","2.29%","0.04%","0.02%","0.03%","0.01%","0.28%","0.01%","2.24%","2.92%","0.10%","Nacional TSE"
"20:46:34","93.24%","44.26%","47.79%","2.29%","0.04%","0.02%","0.03%","0.01%","0.28%","0.01%","2.23%","2.92%","0.11%","Nacional TSE"
"20:47:04","93.31%","44.27%","47.78%","2.29%","0.04%","0.02%","0.03%","0.01%","0.28%","0.01%","2.23%","2.92%","0.11%","Nacional TSE"
"20:47:45","93.43%","44.28%","47.78%","2.28%","0.04%","0.02%","0.03%","0.01%","0.28%","0.01%","2.23%","2.92%","0.11%","Nacional TSE"
"20:48:15","93.51%","44.29%","47.77%","2.28%","0.04%","0.02%","0.03%","0.01%","0.28%","0.01%","2.23%","2.92%","0.10%","Nacional TSE"
"20:48:44","93.59%","44.30%","47.76%","2.28%","0.04%","0.02%","0.03%","0.01%","0.28%","0.01%","2.23%","2.92%","0.10%","Nacional TSE"
"20:49:16","93.88%","44.32%","47.74%","2.28%","0.04%","0.02%","0.03%","0.01%","0.28%","0.01%","2.23%","2.92%","0.10%","Nacional TSE"
"20:49:46","94.16%","44.37%","47.70%","2.28%","0.04%","0.02%","0.03%","0.01%","0.28%","0.01%","2.23%","2.92%","0.10%","Nacional TSE"
"20:50:25","94.51%","44.39%","47.68%","2.28%","0.04%","0.02%","0.03%","0.01%","0.28%","0.01%","2.23%","2.92%","0.10%","Nacional TSE"
"20:51:35","95.01%","44.45%","47.63%","2.28%","0.04%","0.02%","0.03%","0.01%","0.28%","0.01%","2.22%","2.92%","0.10%","Nacional TSE"
"20:52:35","95.38%","44.48%","47.60%","2.28%","0.04%","0.02%","0.03%","0.01%","0.28%","0.01%","2.22%","2.92%","0.10%","Nacional TSE"
"20:53:07","95.59%","44.50%","47.59%","2.28%","0.04%","0.02%","0.03%","0.01%","0.28%","0.01%","2.22%","2.92%","0.10%","Nacional TSE"
"20:53:34","95.78%","44.52%","47.57%","2.27%","0.04%","0.02%","0.03%","0.01%","0.28%","0.01%","2.22%","2.91%","0.10%","Nacional TSE"
"20:54:17","96.04%","44.54%","47.55%","2.27%","0.04%","0.02%","0.03%","0.01%","0.28%","0.01%","2.22%","2.91%","0.10%","Nacional TSE"
"20:54:46","96.16%","44.56%","47.54%","2.27%","0.04%","0.02%","0.03%","0.01%","0.28%","0.01%","2.22%","2.91%","0.10%","Nacional TSE"
"20:55:27","96.44%","44.59%","47.51%","2.27%","0.04%","0.02%","0.03%","0.01%","0.28%","0.01%","2.21%","2.91%","0.10%","Nacional TSE"
"20:55:56","96.60%","44.61%","47.50%","2.27%","0.04%","0.02%","0.03%","0.01%","0.28%","0.01%","2.21%","2.91%","0.10%","Nacional TSE"
"20:56:30","96.78%","44.63%","47.48%","2.27%","0.04%","0.02%","0.03%","0.01%","0.28%","0.01%","2.21%","2.91%","0.10%","Nacional TSE"
"20:56:55","97.01%","44.66%","47.45%","2.27%","0.04%","0.02%","0.03%","0.01%","0.28%","0.01%","2.21%","2.91%","0.10%","Nacional TSE"
"20:57:34","97.24%","44.69%","47.43%","2.27%","0.04%","0.02%","0.03%","0.01%","0.28%","0.01%","2.21%","2.91%","0.10%","Nacional TSE"
"20:57:54","97.36%","44.70%","47.42%","2.27%","0.04%","0.02%","0.03%","0.01%","0.28%","0.01%","2.21%","2.91%","0.10%","Nacional TSE"
"20:58:35","97.65%","44.74%","47.39%","2.26%","0.04%","0.02%","0.03%","0.01%","0.28%","0.01%","2.21%","2.91%","0.10%","Nacional TSE"
"20:59:06","97.84%","44.76%","47.37%","2.26%","0.04%","0.02%","0.03%","0.01%","0.28%","0.01%","2.20%","2.91%","0.10%","Nacional TSE"
"20:59:36","97.97%","44.78%","47.35%","2.26%","0.04%","0.02%","0.03%","0.01%","0.28%","0.01%","2.20%","2.90%","0.10%","Nacional TSE"
"21:00:07","98.20%","44.81%","47.33%","2.26%","0.04%","0.02%","0.03%","0.01%","0.28%","0.01%","2.20%","2.90%","0.10%","Nacional TSE"
"21:00:44","98.36%","44.83%","47.31%","2.26%","0.04%","0.02%","0.03%","0.01%","0.28%","0.01%","2.20%","2.90%","0.10%","Nacional TSE"
"21:01:17","98.48%","44.85%","47.29%","2.26%","0.04%","0.02%","0.03%","0.01%","0.28%","0.01%","2.20%","2.90%","0.10%","Nacional TSE"
"21:01:46","98.57%","44.87%","47.28%","2.26%","0.04%","0.02%","0.03%","0.01%","0.28%","0.01%","2.20%","2.90%","0.10%","Nacional TSE"
"21:02:14","98.59%","44.87%","47.28%","2.26%","0.04%","0.02%","0.03%","0.01%","0.28%","0.01%","2.20%","2.90%","0.10%","Nacional TSE"
"21:02:44","98.62%","44.88%","47.27%","2.26%","0.04%","0.02%","0.03%","0.01%","0.28%","0.01%","2.20%","2.90%","0.10%","Nacional TSE"
"21:03:24","98.64%","44.88%","47.27%","2.26%","0.04%","0.02%","0.03%","0.01%","0.28%","0.01%","2.20%","2.90%","0.10%","Nacional TSE"
"21:03:44","98.65%","44.88%","47.27%","2.26%","0.04%","0.02%","0.03%","0.01%","0.28%","0.01%","2.20%","2.90%","0.10%","Nacional TSE"
"21:04:25","98.67%","44.89%","47.26%","2.26%","0.04%","0.02%","0.03%","0.01%","0.28%","0.01%","2.20%","2.90%","0.10%","Nacional TSE"
"21:04:55","98.69%","44.89%","47.26%","2.26%","0.04%","0.02%","0.03%","0.01%","0.28%","0.01%","2.20%","2.90%","0.10%","Nacional TSE"
"21:05:24","98.72%","44.90%","47.25%","2.26%","0.04%","0.02%","0.03%","0.01%","0.28%","0.01%","2.20%","2.90%","0.10%","Nacional TSE"
"21:06:04","98.73%","44.90%","47.25%","2.26%","0.04%","0.02%","0.03%","0.01%","0.28%","0.01%","2.20%","2.90%","0.10%","Nacional TSE"
"21:06:35","98.76%","44.91%","47.25%","2.26%","0.04%","0.02%","0.03%","0.01%","0.28%","0.01%","2.20%","2.90%","0.10%","Nacional TSE"
"21:07:06","98.78%","44.91%","47.24%","2.26%","0.04%","0.02%","0.03%","0.01%","0.28%","0.01%","2.20%","2.90%","0.10%","Nacional TSE"
"21:07:35","98.79%","44.91%","47.24%","2.26%","0.04%","0.02%","0.03%","0.01%","0.28%","0.01%","2.20%","2.90%","0.10%","Nacional TSE"
"21:08:04","98.81%","44.91%","47.24%","2.26%","0.04%","0.02%","0.03%","0.01%","0.28%","0.01%","2.20%","2.90%","0.10%","Nacional TSE"
"21:08:44","98.82%","44.91%","47.24%","2.26%","0.04%","0.02%","0.03%","0.01%","0.28%","0.01%","2.20%","2.90%","0.10%","Nacional TSE"
"21:09:36","98.87%","44.92%","47.23%","2.25%","0.04%","0.02%","0.03%","0.01%","0.28%","0.01%","2.20%","2.90%","0.10%","Nacional TSE"
"21:10:14","98.89%","44.93%","47.23%","2.25%","0.04%","0.02%","0.03%","0.01%","0.28%","0.01%","2.20%","2.90%","0.10%","Nacional TSE"
"21:10:44","98.91%","44.93%","47.23%","2.25%","0.04%","0.02%","0.03%","0.01%","0.28%","0.01%","2.20%","2.90%","0.10%","Nacional TSE"
"21:11:14","98.92%","44.93%","47.22%","2.25%","0.04%","0.02%","0.03%","0.01%","0.28%","0.01%","2.20%","2.90%","0.10%","Nacional TSE"
"21:11:45","98.93%","44.93%","47.22%","2.25%","0.04%","0.02%","0.03%","0.01%","0.28%","0.01%","2.20%","2.90%","0.10%","Nacional TSE"
"21:12:25","98.95%","44.94%","47.22%","2.25%","0.04%","0.02%","0.03%","0.01%","0.28%","0.01%","2.20%","2.90%","0.10%","Nacional TSE"
"21:12:55","98.97%","44.94%","47.22%","2.25%","0.04%","0.02%","0.03%","0.01%","0.28%","0.01%","2.20%","2.90%","0.10%","Nacional TSE"
"21:13:25","98.98%","44.94%","47.22%","2.25%","0.04%","0.02%","0.03%","0.01%","0.28%","0.01%","2.20%","2.90%","0.10%","Nacional TSE"
"21:13:54","99.00%","44.94%","47.21%","2.25%","0.04%","0.02%","0.03%","0.01%","0.28%","0.01%","2.19%","2.90%","0.10%","Nacional TSE"
"21:14:34","99.02%","44.95%","47.21%","2.25%","0.04%","0.02%","0.03%","0.01%","0.28%","0.01%","2.19%","2.90%","0.10%","Nacional TSE"
"21:15:04","99.04%","44.95%","47.21%","2.25%","0.04%","0.02%","0.03%","0.01%","0.28%","0.01%","2.19%","2.90%","0.10%","Nacional TSE"
"21:15:35","99.06%","44.96%","47.20%","2.25%","0.04%","0.02%","0.03%","0.01%","0.27%","0.01%","2.19%","2.90%","0.10%","Nacional TSE"
"21:16:04","99.08%","44.96%","47.20%","2.25%","0.04%","0.02%","0.03%","0.01%","0.28%","0.01%","2.19%","2.90%","0.10%","Nacional TSE"
"21:16:34","99.09%","44.96%","47.20%","2.25%","0.04%","0.02%","0.03%","0.01%","0.28%","0.01%","2.19%","2.90%","0.10%","Nacional TSE"
"21:17:06","99.10%","44.96%","47.20%","2.25%","0.04%","0.02%","0.03%","0.01%","0.27%","0.01%","2.19%","2.90%","0.10%","Nacional TSE"
"21:17:45","99.12%","44.97%","47.19%","2.25%","0.04%","0.02%","0.03%","0.01%","0.27%","0.01%","2.19%","2.90%","0.10%","Nacional TSE"
"21:18:14","99.13%","44.97%","47.19%","2.25%","0.04%","0.02%","0.03%","0.01%","0.27%","0.01%","2.19%","2.90%","0.10%","Nacional TSE"
"21:18:44","99.14%","44.97%","47.19%","2.25%","0.04%","0.02%","0.03%","0.01%","0.27%","0.01%","2.19%","2.90%","0.10%","Nacional TSE"
"21:19:16","99.15%","44.98%","47.19%","2.25%","0.04%","0.02%","0.03%","0.01%","0.27%","0.01%","2.19%","2.90%","0.10%","Nacional TSE"
"21:19:46","99.17%","44.98%","47.19%","2.25%","0.04%","0.02%","0.03%","0.01%","0.27%","0.01%","2.19%","2.90%","0.10%","Nacional TSE"
"21:20:15","99.17%","44.98%","47.18%","2.25%","0.04%","0.02%","0.03%","0.01%","0.27%","0.01%","2.19%","2.90%","0.10%","Nacional TSE"
"21:20:55","99.18%","44.98%","47.18%","2.25%","0.04%","0.02%","0.03%","0.01%","0.27%","0.01%","2.19%","2.90%","0.10%","Nacional TSE"
"21:21:25","99.20%","44.98%","47.18%","2.25%","0.04%","0.02%","0.03%","0.01%","0.27%","0.01%","2.19%","2.90%","0.10%","Nacional TSE"
"21:21:54","99.21%","44.99%","47.18%","2.25%","0.04%","0.02%","0.03%","0.01%","0.27%","0.01%","2.19%","2.90%","0.10%","Nacional TSE"
"21:22:25","99.22%","44.99%","47.18%","2.25%","0.04%","0.02%","0.03%","0.01%","0.27%","0.01%","2.19%","2.90%","0.10%","Nacional TSE"
"21:22:55","99.22%","44.99%","47.18%","2.25%","0.04%","0.02%","0.03%","0.01%","0.27%","0.01%","2.19%","2.90%","0.10%","Nacional TSE"
"21:23:26","99.23%","44.99%","47.17%","2.25%","0.04%","0.02%","0.03%","0.01%","0.27%","0.01%","2.19%","2.90%","0.10%","Nacional TSE"
"21:24:04","99.24%","44.99%","47.17%","2.25%","0.04%","0.02%","0.03%","0.01%","0.27%","0.01%","2.19%","2.90%","0.10%","Nacional TSE"
"21:24:35","99.26%","45.00%","47.17%","2.25%","0.04%","0.02%","0.03%","0.01%","0.27%","0.01%","2.19%","2.90%","0.10%","Nacional TSE"
"21:24:55","99.27%","45.00%","47.17%","2.25%","0.04%","0.02%","0.03%","0.01%","0.27%","0.01%","2.19%","2.90%","0.10%","Nacional TSE"
"21:25:35","99.28%","45.00%","47.17%","2.25%","0.04%","0.02%","0.03%","0.01%","0.27%","0.01%","2.19%","2.90%","0.10%","Nacional TSE"
"21:26:05","99.29%","45.00%","47.16%","2.25%","0.04%","0.02%","0.03%","0.01%","0.27%","0.01%","2.19%","2.90%","0.10%","Nacional TSE"
"21:26:35","99.31%","45.00%","47.16%","2.25%","0.04%","0.02%","0.03%","0.01%","0.27%","0.01%","2.19%","2.90%","0.10%","Nacional TSE"
"21:27:34","99.33%","45.01%","47.16%","2.25%","0.04%","0.02%","0.03%","0.01%","0.27%","0.01%","2.19%","2.90%","0.10%","Nacional TSE"
"21:28:06","99.34%","45.01%","47.16%","2.25%","0.04%","0.02%","0.03%","0.01%","0.27%","0.01%","2.19%","2.90%","0.10%","Nacional TSE"
"21:28:45","99.35%","45.01%","47.16%","2.25%","0.04%","0.02%","0.03%","0.01%","0.27%","0.01%","2.19%","2.90%","0.10%","Nacional TSE"
"21:29:14","99.36%","45.01%","47.16%","2.25%","0.04%","0.02%","0.03%","0.01%","0.27%","0.01%","2.19%","2.90%","0.10%","Nacional TSE"
"21:29:45","99.36%","45.01%","47.16%","2.25%","0.04%","0.02%","0.03%","0.01%","0.27%","0.01%","2.19%","2.90%","0.10%","Nacional TSE"
"21:30:14","99.37%","45.01%","47.15%","2.25%","0.04%","0.02%","0.03%","0.01%","0.27%","0.01%","2.19%","2.90%","0.10%","Nacional TSE"
"21:30:56","99.38%","45.02%","47.15%","2.25%","0.04%","0.02%","0.03%","0.01%","0.27%","0.01%","2.19%","2.90%","0.10%","Nacional TSE"
"21:31:25","99.39%","45.02%","47.15%","2.25%","0.04%","0.02%","0.03%","0.01%","0.27%","0.01%","2.19%","2.90%","0.10%","Nacional TSE"
"21:31:55","99.39%","45.02%","47.15%","2.25%","0.04%","0.02%","0.03%","0.01%","0.27%","0.01%","2.19%","2.90%","0.10%","Nacional TSE"
"21:32:24","99.40%","45.02%","47.15%","2.25%","0.04%","0.02%","0.03%","0.01%","0.27%","0.01%","2.19%","2.90%","0.10%","Nacional TSE"
"21:32:55","99.40%","45.02%","47.15%","2.25%","0.04%","0.02%","0.03%","0.01%","0.27%","0.01%","2.19%","2.90%","0.10%","Nacional TSE"
"21:33:25","99.41%","45.02%","47.15%","2.25%","0.04%","0.02%","0.03%","0.01%","0.27%","0.01%","2.19%","2.90%","0.10%","Nacional TSE"
"21:33:56","99.42%","45.03%","47.14%","2.25%","0.04%","0.02%","0.03%","0.01%","0.27%","0.01%","2.19%","2.90%","0.10%","Nacional TSE"
"21:34:25","99.44%","45.03%","47.14%","2.25%","0.04%","0.02%","0.03%","0.01%","0.27%","0.01%","2.19%","2.90%","0.10%","Nacional TSE"
"21:35:05","99.45%","45.03%","47.14%","2.25%","0.04%","0.02%","0.03%","0.01%","0.27%","0.01%","2.19%","2.90%","0.10%","Nacional TSE"
"21:35:35","99.45%","45.03%","47.14%","2.25%","0.04%","0.02%","0.03%","0.01%","0.27%","0.01%","2.19%","2.90%","0.10%","Nacional TSE"
"21:36:05","99.46%","45.03%","47.14%","2.25%","0.04%","0.02%","0.03%","0.01%","0.27%","0.01%","2.19%","2.90%","0.10%","Nacional TSE"
"21:36:34","99.47%","45.03%","47.14%","2.25%","0.04%","0.02%","0.03%","0.01%","0.27%","0.01%","2.19%","2.90%","0.10%","Nacional TSE"
"21:37:15","99.49%","45.04%","47.14%","2.25%","0.04%","0.02%","0.03%","0.01%","0.27%","0.01%","2.19%","2.90%","0.10%","Nacional TSE"
"21:37:44","99.49%","45.04%","47.13%","2.25%","0.04%","0.02%","0.03%","0.01%","0.27%","0.01%","2.19%","2.90%","0.10%","Nacional TSE"
"21:38:15","99.50%","45.04%","47.13%","2.25%","0.04%","0.02%","0.03%","0.01%","0.27%","0.01%","2.19%","2.90%","0.10%","Nacional TSE"
"21:38:45","99.50%","45.04%","47.13%","2.25%","0.04%","0.02%","0.03%","0.01%","0.27%","0.01%","2.19%","2.90%","0.10%","Nacional TSE"
"21:39:14","99.51%","45.04%","47.13%","2.25%","0.04%","0.02%","0.03%","0.01%","0.27%","0.01%","2.19%","2.90%","0.10%","Nacional TSE"
"21:39:45","99.52%","45.04%","47.13%","2.25%","0.04%","0.02%","0.03%","0.01%","0.27%","0.01%","2.19%","2.90%","0.10%","Nacional TSE"
"21:40:15","99.53%","45.05%","47.13%","2.25%","0.04%","0.02%","0.03%","0.01%","0.27%","0.01%","2.19%","2.90%","0.10%","Nacional TSE"
"21:40:55","99.55%","45.05%","47.12%","2.25%","0.04%","0.02%","0.03%","0.01%","0.27%","0.01%","2.19%","2.90%","0.10%","Nacional TSE"
"21:41:15","99.55%","45.05%","47.12%","2.25%","0.04%","0.02%","0.03%","0.01%","0.27%","0.01%","2.19%","2.90%","0.10%","Nacional TSE"
"21:41:55","99.56%","45.05%","47.12%","2.25%","0.04%","0.02%","0.03%","0.01%","0.27%","0.01%","2.19%","2.90%","0.10%","Nacional TSE"
"21:42:25","99.56%","45.05%","47.12%","2.25%","0.04%","0.02%","0.03%","0.01%","0.27%","0.01%","2.19%","2.90%","0.10%","Nacional TSE"
"21:42:54","99.57%","45.05%","47.12%","2.25%","0.04%","0.02%","0.03%","0.01%","0.27%","0.01%","2.19%","2.90%","0.10%","Nacional TSE"
"21:43:25","99.57%","45.06%","47.12%","2.25%","0.04%","0.02%","0.03%","0.01%","0.27%","0.01%","2.19%","2.89%","0.10%","Nacional TSE"
"21:43:55","99.58%","45.06%","47.12%","2.25%","0.04%","0.02%","0.03%","0.01%","0.27%","0.01%","2.19%","2.89%","0.10%","Nacional TSE"
"21:44:20","99.57%","45.06%","47.12%","2.25%","0.04%","0.02%","0.03%","0.01%","0.27%","0.01%","2.19%","2.89%","0.10%","Soma UFs + exterior"
"21:44:34","99.58%","45.06%","47.12%","2.25%","0.04%","0.02%","0.03%","0.01%","0.27%","0.01%","2.19%","2.89%","0.10%","Nacional TSE"
"21:45:05","99.59%","45.06%","47.12%","2.25%","0.04%","0.02%","0.03%","0.01%","0.27%","0.01%","2.19%","2.89%","0.10%","Nacional TSE"
"21:45:35","99.59%","45.06%","47.11%","2.25%","0.04%","0.02%","0.03%","0.01%","0.27%","0.01%","2.19%","2.89%","0.10%","Nacional TSE"
"21:46:05","99.60%","45.06%","47.11%","2.25%","0.04%","0.02%","0.03%","0.01%","0.27%","0.01%","2.19%","2.89%","0.10%","Nacional TSE"
"21:46:35","99.61%","45.06%","47.11%","2.25%","0.04%","0.02%","0.03%","0.01%","0.27%","0.01%","2.19%","2.89%","0.10%","Nacional TSE"
"21:47:06","99.61%","45.07%","47.11%","2.25%","0.04%","0.02%","0.03%","0.01%","0.27%","0.01%","2.19%","2.89%","0.10%","Nacional TSE"
"21:47:34","99.62%","45.07%","47.11%","2.25%","0.04%","0.02%","0.03%","0.01%","0.27%","0.01%","2.19%","2.89%","0.10%","Nacional TSE"
"21:48:15","99.62%","45.07%","47.11%","2.25%","0.04%","0.02%","0.03%","0.01%","0.27%","0.01%","2.19%","2.89%","0.10%","Nacional TSE"
"21:48:45","99.63%","45.07%","47.11%","2.25%","0.04%","0.02%","0.03%","0.01%","0.27%","0.01%","2.19%","2.89%","0.10%","Nacional TSE"
"21:49:14","99.64%","45.07%","47.11%","2.25%","0.04%","0.02%","0.03%","0.01%","0.27%","0.01%","2.19%","2.89%","0.10%","Nacional TSE"
"21:49:45","99.65%","45.07%","47.10%","2.25%","0.04%","0.02%","0.03%","0.01%","0.27%","0.01%","2.19%","2.89%","0.10%","Nacional TSE"
"21:50:15","99.66%","45.08%","47.10%","2.25%","0.04%","0.02%","0.03%","0.01%","0.27%","0.01%","2.19%","2.89%","0.10%","Nacional TSE"
"21:50:45","99.67%","45.08%","47.10%","2.25%","0.04%","0.02%","0.03%","0.01%","0.27%","0.01%","2.19%","2.89%","0.10%","Nacional TSE"
"21:51:26","99.67%","45.08%","47.10%","2.25%","0.04%","0.02%","0.03%","0.01%","0.27%","0.01%","2.19%","2.89%","0.10%","Nacional TSE"
"21:51:55","99.68%","45.08%","47.10%","2.25%","0.04%","0.02%","0.03%","0.01%","0.27%","0.01%","2.19%","2.89%","0.10%","Nacional TSE"
"21:52:25","99.68%","45.08%","47.10%","2.25%","0.04%","0.02%","0.03%","0.01%","0.27%","0.01%","2.19%","2.89%","0.10%","Nacional TSE"
"21:52:54","99.69%","45.08%","47.10%","2.25%","0.04%","0.02%","0.03%","0.01%","0.27%","0.01%","2.19%","2.89%","0.10%","Nacional TSE"
"21:53:25","99.69%","45.08%","47.10%","2.25%","0.04%","0.02%","0.03%","0.01%","0.27%","0.01%","2.19%","2.89%","0.10%","Nacional TSE"
"21:53:55","99.70%","45.08%","47.10%","2.25%","0.04%","0.02%","0.03%","0.01%","0.27%","0.01%","2.19%","2.89%","0.10%","Nacional TSE"
"21:54:34","99.70%","45.08%","47.09%","2.25%","0.04%","0.02%","0.03%","0.01%","0.27%","0.01%","2.19%","2.89%","0.10%","Nacional TSE"
"21:55:04","99.70%","45.09%","47.09%","2.25%","0.04%","0.02%","0.03%","0.01%","0.27%","0.01%","2.19%","2.89%","0.10%","Nacional TSE"
"21:55:35","99.70%","45.09%","47.09%","2.25%","0.04%","0.02%","0.03%","0.01%","0.27%","0.01%","2.19%","2.89%","0.10%","Nacional TSE"
"21:56:05","99.71%","45.09%","47.09%","2.25%","0.04%","0.02%","0.03%","0.01%","0.27%","0.01%","2.19%","2.89%","0.10%","Nacional TSE"
"21:56:34","99.71%","45.09%","47.09%","2.25%","0.04%","0.02%","0.03%","0.01%","0.27%","0.01%","2.19%","2.89%","0.10%","Soma UFs + exterior"
"21:56:35","99.72%","45.09%","47.09%","2.25%","0.04%","0.02%","0.03%","0.01%","0.27%","0.01%","2.19%","2.89%","0.10%","Nacional TSE"
"21:57:04","99.73%","45.09%","47.09%","2.25%","0.04%","0.02%","0.03%","0.01%","0.27%","0.01%","2.19%","2.89%","0.10%","Nacional TSE"
"21:57:44","99.73%","45.09%","47.09%","2.25%","0.04%","0.02%","0.03%","0.01%","0.27%","0.01%","2.19%","2.89%","0.10%","Nacional TSE"
"21:58:15","99.74%","45.09%","47.09%","2.25%","0.04%","0.02%","0.03%","0.01%","0.27%","0.01%","2.19%","2.89%","0.10%","Nacional TSE"
"21:58:45","99.75%","45.10%","47.09%","2.25%","0.04%","0.02%","0.03%","0.01%","0.27%","0.01%","2.19%","2.89%","0.10%","Nacional TSE"
"21:59:15","99.75%","45.10%","47.08%","2.25%","0.04%","0.02%","0.03%","0.01%","0.27%","0.01%","2.19%","2.89%","0.10%","Nacional TSE"
"21:59:46","99.75%","45.10%","47.08%","2.25%","0.04%","0.02%","0.03%","0.01%","0.27%","0.01%","2.19%","2.89%","0.10%","Nacional TSE"
"22:00:15","99.75%","45.10%","47.08%","2.25%","0.04%","0.02%","0.03%","0.01%","0.27%","0.01%","2.19%","2.89%","0.10%","Nacional TSE"
"22:00:45","99.76%","45.10%","47.08%","2.25%","0.04%","0.02%","0.03%","0.01%","0.27%","0.01%","2.19%","2.89%","0.10%","Nacional TSE"
"22:01:26","99.76%","45.10%","47.08%","2.25%","0.04%","0.02%","0.03%","0.01%","0.27%","0.01%","2.19%","2.89%","0.10%","Nacional TSE"
"22:01:34","99.76%","45.10%","47.08%","2.25%","0.04%","0.02%","0.03%","0.01%","0.27%","0.01%","2.19%","2.89%","0.10%","Soma UFs + exterior"
"22:01:54","99.77%","45.10%","47.08%","2.25%","0.04%","0.02%","0.03%","0.01%","0.27%","0.01%","2.19%","2.89%","0.10%","Nacional TSE"
"22:02:25","99.77%","45.10%","47.08%","2.25%","0.04%","0.02%","0.03%","0.01%","0.27%","0.01%","2.19%","2.89%","0.10%","Nacional TSE"
"22:02:55","99.77%","45.10%","47.08%","2.25%","0.04%","0.02%","0.03%","0.01%","0.27%","0.01%","2.19%","2.89%","0.10%","Nacional TSE"
"22:03:25","99.78%","45.10%","47.08%","2.25%","0.04%","0.02%","0.03%","0.01%","0.27%","0.01%","2.19%","2.89%","0.10%","Nacional TSE"
"22:03:55","99.78%","45.10%","47.08%","2.25%","0.04%","0.02%","0.03%","0.01%","0.27%","0.01%","2.19%","2.89%","0.10%","Nacional TSE"
"22:04:25","99.79%","45.11%","47.08%","2.25%","0.04%","0.02%","0.03%","0.01%","0.27%","0.01%","2.19%","2.89%","0.10%","Nacional TSE"
"22:05:06","99.79%","45.11%","47.08%","2.25%","0.04%","0.02%","0.03%","0.01%","0.27%","0.01%","2.19%","2.89%","0.10%","Nacional TSE"
"22:05:35","99.80%","45.11%","47.07%","2.25%","0.04%","0.02%","0.03%","0.01%","0.27%","0.01%","2.19%","2.89%","0.10%","Nacional TSE"
"22:06:05","99.82%","45.11%","47.07%","2.25%","0.04%","0.02%","0.03%","0.01%","0.27%","0.01%","2.19%","2.89%","0.10%","Nacional TSE"
"22:06:35","99.82%","45.11%","47.07%","2.25%","0.04%","0.02%","0.03%","0.01%","0.27%","0.01%","2.19%","2.89%","0.10%","Nacional TSE"
"22:07:04","99.83%","45.11%","47.07%","2.25%","0.04%","0.02%","0.03%","0.01%","0.27%","0.01%","2.19%","2.89%","0.10%","Nacional TSE"
"22:07:34","99.83%","45.11%","47.07%","2.25%","0.04%","0.02%","0.03%","0.01%","0.27%","0.01%","2.19%","2.89%","0.10%","Nacional TSE"
"22:08:15","99.83%","45.11%","47.07%","2.25%","0.04%","0.02%","0.03%","0.01%","0.27%","0.01%","2.19%","2.89%","0.10%","Nacional TSE"
"22:08:45","99.84%","45.12%","47.07%","2.25%","0.04%","0.02%","0.03%","0.01%","0.27%","0.01%","2.19%","2.89%","0.10%","Nacional TSE"
"22:09:14","99.84%","45.12%","47.07%","2.25%","0.04%","0.02%","0.03%","0.01%","0.27%","0.01%","2.19%","2.89%","0.10%","Nacional TSE"
"22:09:45","99.84%","45.12%","47.07%","2.25%","0.04%","0.02%","0.03%","0.01%","0.27%","0.01%","2.19%","2.89%","0.10%","Nacional TSE"
"22:10:15","99.84%","45.12%","47.07%","2.25%","0.04%","0.02%","0.03%","0.01%","0.27%","0.01%","2.19%","2.89%","0.10%","Nacional TSE"
"22:10:24","99.84%","45.12%","47.07%","2.25%","0.04%","0.02%","0.03%","0.01%","0.27%","0.01%","2.19%","2.89%","0.10%","Soma UFs + exterior"
"22:10:45","99.84%","45.12%","47.07%","2.25%","0.04%","0.02%","0.03%","0.01%","0.27%","0.01%","2.19%","2.89%","0.10%","Nacional TSE"
"22:11:14","99.84%","45.12%","47.07%","2.25%","0.04%","0.02%","0.03%","0.01%","0.27%","0.01%","2.19%","2.89%","0.10%","Nacional TSE"
"22:11:55","99.85%","45.12%","47.07%","2.25%","0.04%","0.02%","0.03%","0.01%","0.27%","0.01%","2.19%","2.89%","0.10%","Nacional TSE"
"22:12:24","99.85%","45.12%","47.07%","2.25%","0.04%","0.02%","0.03%","0.01%","0.27%","0.01%","2.19%","2.89%","0.10%","Soma UFs + exterior"
"22:12:26","99.85%","45.12%","47.07%","2.25%","0.04%","0.02%","0.03%","0.01%","0.27%","0.01%","2.19%","2.89%","0.10%","Nacional TSE"
"22:12:55","99.85%","45.12%","47.07%","2.25%","0.04%","0.02%","0.03%","0.01%","0.27%","0.01%","2.19%","2.89%","0.10%","Nacional TSE"
"22:13:25","99.85%","45.12%","47.07%","2.24%","0.04%","0.02%","0.03%","0.01%","0.27%","0.01%","2.19%","2.89%","0.10%","Nacional TSE"
"22:13:54","99.85%","45.12%","47.07%","2.25%","0.04%","0.02%","0.03%","0.01%","0.27%","0.01%","2.19%","2.89%","0.10%","Nacional TSE"
"22:14:25","99.86%","45.12%","47.06%","2.24%","0.04%","0.02%","0.03%","0.01%","0.27%","0.01%","2.19%","2.89%","0.10%","Nacional TSE"
"22:14:55","99.86%","45.12%","47.06%","2.24%","0.04%","0.02%","0.03%","0.01%","0.27%","0.01%","2.19%","2.89%","0.10%","Nacional TSE"
"22:15:35","99.86%","45.12%","47.06%","2.24%","0.04%","0.02%","0.03%","0.01%","0.27%","0.01%","2.19%","2.89%","0.10%","Nacional TSE"
"22:16:05","99.86%","45.12%","47.06%","2.24%","0.04%","0.02%","0.03%","0.01%","0.27%","0.01%","2.19%","2.89%","0.10%","Nacional TSE"
"22:16:35","99.87%","45.12%","47.06%","2.24%","0.04%","0.02%","0.03%","0.01%","0.27%","0.01%","2.19%","2.89%","0.10%","Nacional TSE"
"22:17:04","99.87%","45.12%","47.06%","2.24%","0.04%","0.02%","0.03%","0.01%","0.27%","0.01%","2.19%","2.89%","0.10%","Nacional TSE"
"22:17:36","99.87%","45.12%","47.06%","2.24%","0.04%","0.02%","0.03%","0.01%","0.27%","0.01%","2.19%","2.89%","0.10%","Nacional TSE"
"22:18:05","99.87%","45.12%","47.06%","2.24%","0.04%","0.02%","0.03%","0.01%","0.27%","0.01%","2.19%","2.89%","0.10%","Nacional TSE"
"22:18:45","99.87%","45.13%","47.06%","2.24%","0.04%","0.02%","0.03%","0.01%","0.27%","0.01%","2.19%","2.89%","0.10%","Nacional TSE"
"22:19:15","99.87%","45.13%","47.06%","2.24%","0.04%","0.02%","0.03%","0.01%","0.27%","0.01%","2.19%","2.89%","0.10%","Nacional TSE"
"22:19:45","99.87%","45.13%","47.06%","2.24%","0.04%","0.02%","0.03%","0.01%","0.27%","0.01%","2.19%","2.89%","0.10%","Nacional TSE"
"22:20:15","99.88%","45.13%","47.06%","2.24%","0.04%","0.02%","0.03%","0.01%","0.27%","0.01%","2.19%","2.89%","0.10%","Nacional TSE"
"22:20:45","99.88%","45.13%","47.06%","2.24%","0.04%","0.02%","0.03%","0.01%","0.27%","0.01%","2.19%","2.89%","0.10%","Nacional TSE"
"22:21:15","99.88%","45.13%","47.06%","2.24%","0.04%","0.02%","0.03%","0.01%","0.27%","0.01%","2.19%","2.89%","0.10%","Nacional TSE"
"22:21:54","99.88%","45.13%","47.06%","2.24%","0.04%","0.02%","0.03%","0.01%","0.27%","0.01%","2.19%","2.89%","0.10%","Nacional TSE"
"22:22:25","99.89%","45.13%","47.06%","2.24%","0.04%","0.02%","0.03%","0.01%","0.27%","0.01%","2.19%","2.89%","0.10%","Nacional TSE"
"22:22:55","99.89%","45.13%","47.06%","2.24%","0.04%","0.02%","0.03%","0.01%","0.27%","0.01%","2.19%","2.89%","0.10%","Nacional TSE"
"22:23:25","99.89%","45.13%","47.06%","2.24%","0.04%","0.02%","0.03%","0.01%","0.27%","0.01%","2.19%","2.89%","0.10%","Nacional TSE"
"22:23:55","99.89%","45.13%","47.05%","2.24%","0.04%","0.02%","0.03%","0.01%","0.27%","0.01%","2.18%","2.89%","0.10%","Nacional TSE"
"22:24:25","99.89%","45.13%","47.05%","2.24%","0.04%","0.02%","0.03%","0.01%","0.27%","0.01%","2.19%","2.89%","0.10%","Nacional TSE"
"22:24:55","99.89%","45.13%","47.05%","2.24%","0.04%","0.02%","0.03%","0.01%","0.27%","0.01%","2.18%","2.89%","0.10%","Nacional TSE"
"22:25:35","99.90%","45.13%","47.05%","2.24%","0.04%","0.02%","0.03%","0.01%","0.27%","0.01%","2.18%","2.89%","0.10%","Nacional TSE"
"22:26:05","99.90%","45.13%","47.05%","2.24%","0.04%","0.02%","0.03%","0.01%","0.27%","0.01%","2.18%","2.89%","0.10%","Nacional TSE"
"22:26:35","99.90%","45.13%","47.05%","2.24%","0.04%","0.02%","0.03%","0.01%","0.27%","0.01%","2.18%","2.89%","0.10%","Nacional TSE"
"22:27:05","99.90%","45.13%","47.05%","2.24%","0.04%","0.02%","0.03%","0.01%","0.27%","0.01%","2.18%","2.89%","0.10%","Nacional TSE"
"22:27:34","99.90%","45.13%","47.05%","2.24%","0.04%","0.02%","0.03%","0.01%","0.27%","0.01%","2.18%","2.89%","0.10%","Nacional TSE"
"22:28:05","99.90%","45.13%","47.05%","2.24%","0.04%","0.02%","0.03%","0.01%","0.27%","0.01%","2.18%","2.89%","0.10%","Nacional TSE"
"22:28:45","99.90%","45.13%","47.05%","2.24%","0.04%","0.02%","0.03%","0.01%","0.27%","0.01%","2.18%","2.89%","0.10%","Nacional TSE"
"22:29:15","99.90%","45.14%","47.05%","2.24%","0.04%","0.02%","0.03%","0.01%","0.27%","0.01%","2.18%","2.89%","0.10%","Nacional TSE"
"22:29:44","99.90%","45.14%","47.05%","2.24%","0.04%","0.02%","0.03%","0.01%","0.27%","0.01%","2.18%","2.89%","0.10%","Nacional TSE"
"22:30:15","99.91%","45.14%","47.05%","2.24%","0.04%","0.02%","0.03%","0.01%","0.27%","0.01%","2.18%","2.89%","0.10%","Nacional TSE"
"22:30:46","99.91%","45.14%","47.05%","2.24%","0.04%","0.02%","0.03%","0.01%","0.27%","0.01%","2.18%","2.89%","0.10%","Nacional TSE"
"22:31:15","99.91%","45.14%","47.05%","2.24%","0.04%","0.02%","0.03%","0.01%","0.27%","0.01%","2.18%","2.89%","0.10%","Nacional TSE"
"22:32:26","99.91%","45.14%","47.05%","2.24%","0.04%","0.02%","0.03%","0.01%","0.27%","0.01%","2.18%","2.89%","0.10%","Nacional TSE"
"22:32:55","99.91%","45.14%","47.05%","2.24%","0.04%","0.02%","0.03%","0.01%","0.27%","0.01%","2.18%","2.89%","0.10%","Nacional TSE"
"22:33:25","99.91%","45.14%","47.05%","2.24%","0.04%","0.02%","0.03%","0.01%","0.27%","0.01%","2.18%","2.89%","0.10%","Nacional TSE"
"22:33:58","99.92%","45.14%","47.05%","2.24%","0.04%","0.02%","0.03%","0.01%","0.27%","0.01%","2.18%","2.89%","0.10%","Nacional TSE"
"22:34:28","99.92%","45.14%","47.05%","2.24%","0.04%","0.02%","0.03%","0.01%","0.27%","0.01%","2.18%","2.89%","0.10%","Nacional TSE"
"22:34:55","99.92%","45.14%","47.05%","2.24%","0.04%","0.02%","0.03%","0.01%","0.27%","0.01%","2.18%","2.89%","0.10%","Nacional TSE"
"22:35:36","99.92%","45.14%","47.05%","2.24%","0.04%","0.02%","0.03%","0.01%","0.27%","0.01%","2.18%","2.89%","0.10%","Nacional TSE"
"22:36:06","99.92%","45.14%","47.05%","2.24%","0.04%","0.02%","0.03%","0.01%","0.27%","0.01%","2.18%","2.89%","0.10%","Nacional TSE"
"22:36:36","99.93%","45.14%","47.05%","2.24%","0.04%","0.02%","0.03%","0.01%","0.27%","0.01%","2.18%","2.89%","0.10%","Nacional TSE"
"22:37:05","99.93%","45.14%","47.05%","2.24%","0.04%","0.02%","0.03%","0.01%","0.27%","0.01%","2.18%","2.89%","0.10%","Nacional TSE"
"22:37:36","99.93%","45.14%","47.05%","2.24%","0.04%","0.02%","0.03%","0.01%","0.27%","0.01%","2.18%","2.89%","0.10%","Nacional TSE"
"22:38:06","99.93%","45.14%","47.05%","2.24%","0.04%","0.02%","0.03%","0.01%","0.27%","0.01%","2.18%","2.89%","0.10%","Nacional TSE"
"22:39:17","99.93%","45.14%","47.05%","2.24%","0.04%","0.02%","0.03%","0.01%","0.27%","0.01%","2.18%","2.89%","0.10%","Nacional TSE"
"22:39:46","99.93%","45.14%","47.05%","2.24%","0.04%","0.02%","0.03%","0.01%","0.27%","0.01%","2.18%","2.89%","0.10%","Nacional TSE"
"22:40:16","99.93%","45.14%","47.05%","2.24%","0.04%","0.02%","0.03%","0.01%","0.27%","0.01%","2.18%","2.89%","0.10%","Nacional TSE"
"22:40:46","99.93%","45.14%","47.05%","2.24%","0.04%","0.02%","0.03%","0.01%","0.27%","0.01%","2.18%","2.89%","0.10%","Nacional TSE"
"22:41:16","99.94%","45.14%","47.04%","2.24%","0.04%","0.02%","0.03%","0.01%","0.27%","0.01%","2.18%","2.89%","0.10%","Nacional TSE"
"22:41:57","99.94%","45.14%","47.04%","2.24%","0.04%","0.02%","0.03%","0.01%","0.27%","0.01%","2.18%","2.89%","0.10%","Nacional TSE"
"22:42:26","99.94%","45.14%","47.04%","2.24%","0.04%","0.02%","0.03%","0.01%","0.27%","0.01%","2.18%","2.89%","0.10%","Nacional TSE"
"22:42:56","99.94%","45.14%","47.04%","2.24%","0.04%","0.02%","0.03%","0.01%","0.27%","0.01%","2.18%","2.89%","0.10%","Nacional TSE"
"22:43:25","99.94%","45.14%","47.04%","2.24%","0.04%","0.02%","0.03%","0.01%","0.27%","0.01%","2.18%","2.89%","0.10%","Nacional TSE"
"22:43:56","99.94%","45.14%","47.04%","2.24%","0.04%","0.02%","0.03%","0.01%","0.27%","0.01%","2.18%","2.89%","0.10%","Nacional TSE"
"22:44:26","99.94%","45.14%","47.04%","2.24%","0.04%","0.02%","0.03%","0.01%","0.27%","0.01%","2.18%","2.89%","0.10%","Nacional TSE"
"22:45:35","99.94%","45.15%","47.04%","2.24%","0.04%","0.02%","0.03%","0.01%","0.27%","0.01%","2.18%","2.89%","0.10%","Nacional TSE"
"22:46:06","99.94%","45.15%","47.04%","2.24%","0.04%","0.02%","0.03%","0.01%","0.27%","0.01%","2.18%","2.89%","0.10%","Nacional TSE"
"22:46:37","99.94%","45.15%","47.04%","2.24%","0.04%","0.02%","0.03%","0.01%","0.27%","0.01%","2.18%","2.89%","0.10%","Nacional TSE"
"22:47:05","99.95%","45.15%","47.04%","2.24%","0.04%","0.02%","0.03%","0.01%","0.27%","0.01%","2.18%","2.89%","0.10%","Nacional TSE"
"22:47:36","99.95%","45.15%","47.04%","2.24%","0.04%","0.02%","0.03%","0.01%","0.27%","0.01%","2.18%","2.89%","0.10%","Nacional TSE"
"22:48:06","99.95%","45.15%","47.04%","2.24%","0.04%","0.02%","0.03%","0.01%","0.27%","0.01%","2.18%","2.89%","0.10%","Nacional TSE"
"22:48:46","99.95%","45.15%","47.04%","2.24%","0.04%","0.02%","0.03%","0.01%","0.27%","0.01%","2.18%","2.89%","0.10%","Nacional TSE"
"22:49:15","99.95%","45.15%","47.04%","2.24%","0.04%","0.02%","0.03%","0.01%","0.27%","0.01%","2.18%","2.89%","0.10%","Nacional TSE"
"22:49:24","99.95%","45.15%","47.04%","2.24%","0.04%","0.02%","0.03%","0.01%","0.27%","0.01%","2.18%","2.89%","0.10%","Soma UFs + exterior"
"22:49:46","99.95%","45.15%","47.04%","2.24%","0.04%","0.02%","0.03%","0.01%","0.27%","0.01%","2.18%","2.89%","0.10%","Nacional TSE"
"22:50:15","99.95%","45.15%","47.04%","2.24%","0.04%","0.02%","0.03%","0.01%","0.27%","0.01%","2.18%","2.89%","0.10%","Nacional TSE"
"22:51:16","99.95%","45.15%","47.04%","2.24%","0.04%","0.02%","0.03%","0.01%","0.27%","0.01%","2.18%","2.89%","0.10%","Nacional TSE"
"22:51:54","99.95%","45.15%","47.04%","2.24%","0.04%","0.02%","0.03%","0.01%","0.27%","0.01%","2.18%","2.89%","0.10%","Soma UFs + exterior"
"22:52:26","99.95%","45.15%","47.04%","2.24%","0.04%","0.02%","0.03%","0.01%","0.27%","0.01%","2.18%","2.89%","0.10%","Nacional TSE"
"22:53:25","99.96%","45.15%","47.04%","2.24%","0.04%","0.02%","0.03%","0.01%","0.27%","0.01%","2.18%","2.89%","0.10%","Nacional TSE"
"22:53:56","99.96%","45.15%","47.04%","2.24%","0.04%","0.02%","0.03%","0.01%","0.27%","0.01%","2.18%","2.89%","0.10%","Nacional TSE"
"22:54:25","99.96%","45.15%","47.04%","2.24%","0.04%","0.02%","0.03%","0.01%","0.27%","0.01%","2.18%","2.89%","0.10%","Nacional TSE"
"22:54:55","99.96%","45.15%","47.04%","2.24%","0.04%","0.02%","0.03%","0.01%","0.27%","0.01%","2.18%","2.89%","0.10%","Nacional TSE"
"22:55:27","99.96%","45.15%","47.04%","2.24%","0.04%","0.02%","0.03%","0.01%","0.27%","0.01%","2.18%","2.89%","0.10%","Nacional TSE"
"22:56:08","99.96%","45.15%","47.04%","2.24%","0.04%","0.02%","0.03%","0.01%","0.27%","0.01%","2.18%","2.89%","0.10%","Nacional TSE"
"22:57:36","99.97%","45.15%","47.04%","2.24%","0.04%","0.02%","0.03%","0.01%","0.27%","0.01%","2.18%","2.89%","0.10%","Nacional TSE"
"22:58:07","99.97%","45.15%","47.04%","2.24%","0.04%","0.02%","0.03%","0.01%","0.27%","0.01%","2.18%","2.89%","0.10%","Nacional TSE"
"22:59:47","99.97%","45.15%","47.04%","2.24%","0.04%","0.02%","0.03%","0.01%","0.27%","0.01%","2.18%","2.89%","0.10%","Nacional TSE"
"23:00:17","99.97%","45.15%","47.04%","2.24%","0.04%","0.02%","0.03%","0.01%","0.27%","0.01%","2.18%","2.89%","0.10%","Nacional TSE"
"23:00:46","99.97%","45.15%","47.04%","2.24%","0.04%","0.02%","0.03%","0.01%","0.27%","0.01%","2.18%","2.89%","0.10%","Nacional TSE"
"23:01:17","99.97%","45.15%","47.04%","2.24%","0.04%","0.02%","0.03%","0.01%","0.27%","0.01%","2.18%","2.89%","0.10%","Nacional TSE"
"23:02:16","99.97%","45.15%","47.04%","2.24%","0.04%","0.02%","0.03%","0.01%","0.27%","0.01%","2.18%","2.89%","0.10%","Nacional TSE"
"23:02:55","99.97%","45.15%","47.04%","2.24%","0.04%","0.02%","0.03%","0.01%","0.27%","0.01%","2.18%","2.89%","0.10%","Nacional TSE"
"23:03:26","99.97%","45.15%","47.04%","2.24%","0.04%","0.02%","0.03%","0.01%","0.27%","0.01%","2.18%","2.89%","0.10%","Nacional TSE"
"23:04:27","99.98%","45.15%","47.04%","2.24%","0.04%","0.02%","0.03%","0.01%","0.27%","0.01%","2.18%","2.89%","0.10%","Nacional TSE"
"23:04:57","99.98%","45.15%","47.03%","2.24%","0.04%","0.02%","0.03%","0.01%","0.27%","0.01%","2.18%","2.89%","0.10%","Nacional TSE"
"23:08:17","99.98%","45.15%","47.03%","2.24%","0.04%","0.02%","0.03%","0.01%","0.27%","0.01%","2.18%","2.89%","0.10%","Nacional TSE"
"23:09:24","99.98%","45.15%","47.03%","2.24%","0.04%","0.02%","0.03%","0.01%","0.27%","0.01%","2.18%","2.89%","0.10%","Soma UFs + exterior"
"23:09:34","99.98%","45.15%","47.03%","2.24%","0.04%","0.02%","0.03%","0.01%","0.27%","0.01%","2.18%","2.89%","0.10%","Soma UFs + exterior"
"23:09:44","99.98%","45.15%","47.03%","2.24%","0.04%","0.02%","0.03%","0.01%","0.27%","0.01%","2.18%","2.89%","0.10%","Soma UFs + exterior"
"23:09:54","99.98%","45.15%","47.03%","2.24%","0.04%","0.02%","0.03%","0.01%","0.27%","0.01%","2.18%","2.89%","0.10%","Soma UFs + exterior"
"23:09:58","99.98%","45.16%","47.03%","2.24%","0.04%","0.02%","0.03%","0.01%","0.27%","0.01%","2.18%","2.89%","0.10%","Nacional TSE"
"23:10:57","99.99%","45.16%","47.03%","2.24%","0.04%","0.02%","0.03%","0.01%","0.27%","0.01%","2.18%","2.89%","0.10%","Nacional TSE"
"23:11:40","99.99%","45.16%","47.03%","2.24%","0.04%","0.02%","0.03%","0.01%","0.27%","0.01%","2.18%","2.89%","0.10%","Nacional TSE"
"23:12:08","99.99%","45.16%","47.03%","2.24%","0.04%","0.02%","0.03%","0.01%","0.27%","0.01%","2.18%","2.89%","0.10%","Nacional TSE"
"23:13:06","99.99%","45.16%","47.03%","2.24%","0.04%","0.02%","0.03%","0.01%","0.27%","0.01%","2.18%","2.89%","0.10%","Nacional TSE"
"23:14:07","99.99%","45.16%","47.03%","2.24%","0.04%","0.02%","0.03%","0.01%","0.27%","0.01%","2.18%","2.89%","0.10%","Nacional TSE"
"23:14:34","99.99%","45.16%","47.03%","2.24%","0.04%","0.02%","0.03%","0.01%","0.27%","0.01%","2.18%","2.89%","0.10%","Soma UFs + exterior"
"23:14:37","99.99%","45.16%","47.03%","2.24%","0.04%","0.02%","0.03%","0.01%","0.27%","0.01%","2.18%","2.89%","0.10%","Nacional TSE"
"23:15:37","99.99%","45.16%","47.03%","2.24%","0.04%","0.02%","0.03%","0.01%","0.27%","0.01%","2.18%","2.89%","0.10%","Nacional TSE"
"23:17:48","99.99%","45.16%","47.03%","2.24%","0.04%","0.02%","0.03%","0.01%","0.27%","0.01%","2.18%","2.89%","0.10%","Nacional TSE"
"23:20:26","99.99%","45.16%","47.03%","2.24%","0.04%","0.02%","0.03%","0.01%","0.27%","0.01%","2.18%","2.89%","0.10%","Nacional TSE"
"23:21:14","99.99%","45.16%","47.03%","2.24%","0.04%","0.02%","0.03%","0.01%","0.27%","0.01%","2.18%","2.89%","0.10%","Soma UFs + exterior"
"23:21:56","99.99%","45.16%","47.03%","2.24%","0.04%","0.02%","0.03%","0.01%","0.27%","0.01%","2.18%","2.89%","0.10%","Nacional TSE"
"23:22:24","99.99%","45.16%","47.03%","2.24%","0.04%","0.02%","0.03%","0.01%","0.27%","0.01%","2.18%","2.89%","0.10%","Soma UFs + exterior"
"23:22:28","99.99%","45.16%","47.03%","2.24%","0.04%","0.02%","0.03%","0.01%","0.27%","0.01%","2.18%","2.89%","0.10%","Nacional TSE"
"23:22:34","99.99%","45.16%","47.03%","2.24%","0.04%","0.02%","0.03%","0.01%","0.27%","0.01%","2.18%","2.89%","0.10%","Soma UFs + exterior"
"23:23:27","99.99%","45.16%","47.03%","2.24%","0.04%","0.02%","0.03%","0.01%","0.27%","0.01%","2.18%","2.89%","0.10%","Nacional TSE"
"23:23:54","99.99%","45.16%","47.03%","2.24%","0.04%","0.02%","0.03%","0.01%","0.27%","0.01%","2.18%","2.89%","0.10%","Soma UFs + exterior"
"23:23:57","99.99%","45.16%","47.03%","2.24%","0.04%","0.02%","0.03%","0.01%","0.27%","0.01%","2.18%","2.89%","0.10%","Nacional TSE"
"23:25:38","99.99%","45.16%","47.03%","2.24%","0.04%","0.02%","0.03%","0.01%","0.27%","0.01%","2.18%","2.89%","0.10%","Nacional TSE"
"23:29:47","99.99%","45.16%","47.03%","2.24%","0.04%","0.02%","0.03%","0.01%","0.27%","0.01%","2.18%","2.89%","0.10%","Nacional TSE"
"23:35:57","99.99%","45.16%","47.03%","2.24%","0.04%","0.02%","0.03%","0.01%","0.27%","0.01%","2.18%","2.89%","0.10%","Nacional TSE"
"23:36:27","99.99%","45.16%","47.03%","2.24%","0.04%","0.02%","0.03%","0.01%","0.27%","0.01%","2.18%","2.89%","0.10%","Nacional TSE"
"23:37:27","99.99%","45.16%","47.03%","2.24%","0.04%","0.02%","0.03%","0.01%","0.27%","0.01%","2.18%","2.89%","0.10%","Nacional TSE"
"23:37:56","99.99%","45.16%","47.03%","2.24%","0.04%","0.02%","0.03%","0.01%","0.27%","0.01%","2.18%","2.89%","0.10%","Nacional TSE"
"23:39:07","100.00%","45.16%","47.03%","2.24%","0.04%","0.02%","0.03%","0.01%","0.27%","0.01%","2.18%","2.89%","0.10%","Nacional TSE"
"23:39:37","100.00%","45.16%","47.03%","2.24%","0.04%","0.02%","0.03%","0.01%","0.27%","0.01%","2.18%","2.89%","0.10%","Nacional TSE"
"23:41:36","100.00%","45.16%","47.03%","2.24%","0.04%","0.02%","0.03%","0.01%","0.27%","0.01%","2.18%","2.89%","0.10%","Nacional TSE"
"23:42:06","100.00%","45.16%","47.03%","2.24%","0.04%","0.02%","0.03%","0.01%","0.27%","0.01%","2.18%","2.89%","0.10%","Nacional TSE"
"23:45:17","100.00%","45.16%","47.03%","2.24%","0.04%","0.02%","0.03%","0.01%","0.27%","0.01%","2.18%","2.89%","0.10%","Nacional TSE"
"23:47:18","100.00%","45.16%","47.03%","2.24%","0.04%","0.02%","0.03%","0.01%","0.27%","0.01%","2.18%","2.89%","0.10%","Nacional TSE"
"23:50:28","100.00%","45.16%","47.03%","2.24%","0.04%","0.02%","0.03%","0.01%","0.27%","0.01%","2.18%","2.89%","0.10%","Nacional TSE"
"23:51:04","100.00%","45.16%","47.03%","2.24%","0.04%","0.02%","0.03%","0.01%","0.27%","0.01%","2.18%","2.89%","0.10%","Soma UFs + exterior"
"23:55:37","100.00%","45.16%","47.03%","2.24%","0.04%","0.02%","0.03%","0.01%","0.27%","0.01%","2.18%","2.89%","0.10%","Nacional TSE"
"00:11:37","100.00%","45.16%","47.03%","2.24%","0.04%","0.02%","0.03%","0.01%","0.27%","0.01%","2.18%","2.89%","0.10%","Nacional TSE"
"00:29:47","100.00%","45.16%","47.03%","2.24%","0.04%","0.02%","0.03%","0.01%","0.27%","0.01%","2.18%","2.89%","0.10%","Nacional TSE"
"00:30:54","100.00%","45.16%","47.03%","2.24%","0.04%","0.02%","0.03%","0.01%","0.27%","0.01%","2.18%","2.89%","0.10%","Soma UFs + exterior"
"00:40:07","100.00%","45.16%","47.03%","2.24%","0.04%","0.02%","0.03%","0.01%","0.27%","0.01%","2.18%","2.89%","0.10%","Nacional TSE"
"00:41:04","100.00%","45.16%","47.03%","2.24%","0.04%","0.02%","0.03%","0.01%","0.27%","0.01%","2.18%","2.89%","0.10%","Soma UFs + exterior"
"00:41:24","100.00%","45.16%","47.03%","2.24%","0.04%","0.02%","0.03%","0.01%","0.27%","0.01%","2.18%","2.89%","0.10%","Soma UFs + exterior"
"00:41:34","100.00%","45.16%","47.03%","2.24%","0.04%","0.02%","0.03%","0.01%","0.27%","0.01%","2.18%","2.89%","0.10%","Soma UFs + exterior"
"00:41:44","100.00%","45.16%","47.03%","2.24%","0.04%","0.02%","0.03%","0.01%","0.27%","0.01%","2.18%","2.89%","0.10%","Soma UFs + exterior"
"00:46:28","100.00%","45.16%","47.03%","2.24%","0.04%","0.02%","0.03%","0.01%","0.27%","0.01%","2.18%","2.89%","0.10%","Nacional TSE"
"00:47:24","100.00%","45.16%","47.03%","2.24%","0.04%","0.02%","0.03%","0.01%","0.27%","0.01%","2.18%","2.89%","0.10%","Soma UFs + exterior"
"00:47:34","100.00%","45.16%","47.03%","2.24%","0.04%","0.02%","0.03%","0.01%","0.27%","0.01%","2.18%","2.89%","0.10%","Soma UFs + exterior"
"00:47:44","100.00%","45.16%","47.03%","2.24%","0.04%","0.02%","0.03%","0.01%","0.27%","0.01%","2.18%","2.89%","0.10%","Soma UFs + exterior"
"00:47:54","100.00%","45.16%","47.03%","2.24%","0.04%","0.02%","0.03%","0.01%","0.27%","0.01%","2.18%","2.89%","0.10%","Soma UFs + exterior"
"01:56:51","100.00%","45.16%","47.03%","2.24%","0.04%","0.02%","0.03%","0.01%","0.27%","0.01%","2.18%","2.89%","0.10%","Nacional TSE"
"02:59:31","100.00%","45.16%","47.03%","2.24%","0.04%","0.02%","0.03%","0.01%","0.27%","0.01%","2.18%","2.89%","0.10%","Nacional TSE"
"03:00:24","100.00%","45.16%","47.03%","2.24%","0.04%","0.02%","0.03%","0.01%","0.27%","0.01%","2.18%","2.89%","0.10%","Soma UFs + exterior"
"12:51:47","100.00%","45.16%","47.03%","2.24%","0.04%","0.02%","0.03%","0.01%","0.27%","0.01%","2.18%","2.89%","0.10%","Nacional TSE"
"13:40:22","100.00%","45.16%","47.03%","2.24%","0.04%","0.02%","0.03%","0.01%","0.27%","0.01%","2.18%","2.89%","0.10%","Soma UFs + exterior"